,timestamp,lastpull_ts,link,price,year,make,model,body,mileage,title_type,city,state,seller,trim,ext_color,int_color,transmission,liters,cylinders,fuel_type,n_doors,ext_condition,int_condition,drive_type,n_pics,views,favorites,workingURL,view_rate,favorite_rate,fav_per_view
0,1584391700,1584569986,https://cars.ksl.com/listing/6312821,29995,2015,Toyota,Sienna,Van,26346,Clean Title,American Fork,UT,Dealer,Limited Premium,black,gray,Automatic,,6.0,Gasoline,,Excellent,Excellent,AWD,0,12.0,0.0,1,5.815375295872923,0.0,0.0
1,1584391680,1584569987,https://cars.ksl.com/listing/6296049,18887,2014,BMW,5 Series,Sedan,54887,,Farmington,UT,Dealer,528i xDrive,white,venetian beige/excl. stit,Automatic,,4.0,Gasoline,4.0,,,AWD,13,27.0,1.0,1,13.083053385453177,0.48455753279456215,0.037037037037037035
2,1584391670,1584569988,https://cars.ksl.com/listing/6312820,3500,2007,Mazda,Mazda3,Compact,164000,Clean Title,Mona,UT,Owner,Sport,red,black,Manual,2.3,4.0,Gasoline,4.0,Very Good,Very Good,FWD,1,79.0,4.0,1,38.277683688690985,1.9381105665159994,0.05063291139240506
3,1584391597,1584569988,https://cars.ksl.com/listing/6296047,32000,2015,Lexus,RX 450,Sport Utility,47886,,Lindon,UT,Dealer,,satin cashmere metallic,parchment,Automatic,,6.0,Hybrid,4.0,,,AWD,38,,,0,,,
4,1584391570,1584569990,https://cars.ksl.com/listing/6312818,38982,2018,Jeep,Wrangler,Crossover,18986,Clean Title,Murray,UT,Dealer,Unlimited Sahara,silver,tan,Automatic,,6.0,Gasoline,4.0,Excellent,Excellent,4-Wheel Drive,0,5.0,0.0,1,2.4212532227328776,0.0,0.0
5,1584391555,1584569992,https://cars.ksl.com/listing/6296046,20000,2013,Lexus,RX 350,Sport Utility,80179,,Lindon,UT,Dealer,,nebula gray pearl,black,Automatic,,6.0,Gasoline,4.0,,,AWD,38,10.0,1.0,1,4.8420450915449145,0.48420450915449154,0.1
6,1584391535,1584569992,https://cars.ksl.com/listing/6312815,500,1999,Jeep,Grand Cherokee,SUV,160000,Clean Title,West Jordan,UT,Owner,,red,tan,Automatic,,8.0,Gasoline,4.0,Good,Good,4-Wheel Drive,3,375.0,6.0,1,181.55634130350728,2.904901460856116,0.016
7,1584391514,1584569993,https://cars.ksl.com/listing/6296045,34000,2015,Lexus,RX 450,Sport Utility,39608,,Lindon,UT,Dealer,,silver lining metallic,saddle tan,Automatic,,6.0,Hybrid,4.0,,,AWD,37,6.0,0.0,1,2.904543391659523,0.0,0.0
8,1584391474,1584569995,https://cars.ksl.com/listing/6296044,24000,2017,Lexus,CT,Hatchback,27641,,Lindon,UT,Dealer,CT 200h,atomic silver,black,Automatic,,4.0,Hybrid,4.0,,,,34,16.0,0.0,1,7.743626800208378,0.0,0.0
9,1584391402,1584569995,https://cars.ksl.com/listing/6312813,3500,2008,Nissan,Sentra,Sedan,125000,Clean Title,West Valley City,UT,Owner,SE,blue,gray,Automatic,,4.0,Gasoline,4.0,Excellent,Excellent,FWD,8,,,0,,,
10,1584391395,1584569996,https://cars.ksl.com/listing/6312812,5500,1994,Toyota,Pickup,Truck,95117,Clean Title,Salt Lake City,UT,Owner,,green,gray,Manual,,4.0,Gasoline,,,,4-Wheel Drive,8,468.0,14.0,1,226.3996282215665,6.772638451072503,0.029914529914529916
11,1584391392,1584569996,https://cars.ksl.com/listing/6296043,22200,2013,Lexus,RX 350,Sport Utility,59142,,Lindon,UT,Dealer,,obsidian,black,Automatic,,6.0,Gasoline,4.0,,,AWD,35,28.0,4.0,1,13.545049382992541,1.9350070547132203,0.14285714285714285
12,1584391350,1584569998,https://cars.ksl.com/listing/6296042,19800,2019,Nissan,Rogue,Sport Utility,30604,,Lindon,UT,Dealer,SV,glacier white,charcoal,Automatic,,4.0,Gasoline,4.0,,,AWD,34,8.0,0.0,1,3.8690609466660693,0.0,0.0
13,1584391315,1584569999,https://cars.ksl.com/listing/6261888,9000,2003,BMW,3 Series,Convertible,107400,Clean Title,Orem,UT,Owner,M3,red,brown,Automanual,,6.0,Gasoline,2.0,Excellent,Excellent,RWD,9,508.0,17.0,1,245.63587114682903,8.220098050189161,0.03346456692913386
14,1584391309,1584570002,https://cars.ksl.com/listing/5129768,4495,2006,Dodge,Durango,Wagon,223770,Clean Title,Salt Lake City,UT,Dealer,SLT,red,black,Automatic,,8.0,Gasoline,,,,4-Wheel Drive,20,324.0,10.0,1,156.6575075688471,4.835108258297751,0.030864197530864196
15,1584391268,1584570003,https://cars.ksl.com/listing/6243652,13990,2014,Honda,Civic,Sedan,106601,Clean Title,West Valley City,UT,Dealer,Si,,,,,4.0,Gasoline,,,,,15,322.0,11.0,1,155.65390102665958,5.317369289730607,0.034161490683229816
16,1584391226,1584570003,https://cars.ksl.com/listing/6243651,13500,2013,Mitsubishi,Lancer,Sedan,44252,Clean Title,West Valley City,UT,Dealer,Ralliart,,,,,4.0,Gasoline,,,,AWD,15,487.0,14.0,1,235.35913456428958,6.76597101416849,0.028747433264887063
17,1584391185,1584570004,https://cars.ksl.com/listing/5504176,16300,2008,Toyota,FJ Cruiser,Sport Utility,133527,Clean Title,Pleasant Grove,UT,Dealer,,black,black,Automatic,,6.0,Gasoline,,,,4-Wheel Drive,20,1343.0,22.0,1,648.8974885219131,10.629742924409598,0.016381236038719285
18,1584391108,1584570006,https://cars.ksl.com/listing/6312809,8700,1980,Ford,Expedition,Sport Utility,75000,Clean Title,Riverton,UT,Owner,XLT,black,black,Automatic,,8.0,Gasoline,4.0,Excellent,Excellent,4-Wheel Drive,4,,,0,,,
19,1584391067,1584570006,https://cars.ksl.com/listing/6312808,6800,2008,Jeep,Grand Cherokee,Sport Utility,145000,Clean Title,Bluffdale,UT,Owner,,black,black,Automatic,,6.0,Gasoline,4.0,Excellent,Excellent,4-Wheel Drive,8,88.0,5.0,1,42.49045764198973,2.414230547840325,0.056818181818181816
20,1584391041,1584570007,https://cars.ksl.com/listing/6312807,4050,2013,Volkswagen,Golf,Hatchback,135000,Rebuilt/Reconstructed Title,Orem,UT,Owner,,silver,black,Automatic,,5.0,Gasoline,,,,,1,,,0,,,
21,1584391020,1584570007,https://cars.ksl.com/listing/6277510,22899,2014,Dodge,Challenger,Coupe,13410,,Ogden,UT,Dealer,R/T,white,black,,,8.0,Gasoline,2.0,,,RWD,24,124.0,4.0,1,59.85686111281824,1.930866487510266,0.03225806451612903
22,1584390926,1584570008,https://cars.ksl.com/listing/6312806,7200,2011,BMW,X5,Sport Utility,140200,Clean Title,Provo,UT,Owner,35i Premium,black,tan,Automatic,,6.0,Gasoline,4.0,Excellent,Excellent,AWD,9,102.0,2.0,1,49.210975977485184,0.9649210975977485,0.0196078431372549
23,1584390914,1584570010,https://cars.ksl.com/listing/6312804,12500,2002,Ford,F-250,Truck,215000,Clean Title,Midvale,UT,Owner,,,,,,8.0,Diesel,,,,4-Wheel Drive,5,,,0,,,
24,1584390761,1584570011,https://cars.ksl.com/listing/6312800,3450,1994,Mitsubishi,Mighty Max,Truck,248133,Clean Title,Roy,UT,Dealer,,red,gray,Manual,,6.0,Gasoline,2.0,,,4-Wheel Drive,21,235.0,2.0,1,113.27196652719667,0.9640167364016736,0.00851063829787234
25,1584390731,1584570012,https://cars.ksl.com/listing/6312799,4000,2007,Ford,Ranger,Truck,98000,Clean Title,Taylorsville,UT,Owner,XL,white,gray,Manual,,4.0,Gasoline,2.0,Very Good,Very Good,RWD,12,399.0,14.0,1,192.28808406914288,6.746950318215539,0.03508771929824561
26,1584390692,1584570013,https://cars.ksl.com/listing/5917848,15499,1990,BMYM,M923A2,Truck,20000,Clean Title,Provo,UT,Owner,,green,green,Automatic,,6.0,Diesel,2.0,Very Good,Very Good,AWD,36,3019.0,63.0,1,1454.6071012318691,30.354503934285443,0.020867837032129844
27,1584390672,1584570014,https://cars.ksl.com/listing/6312798,6500,2011,Ford,Edge,SUV,152000,Clean Title,Springville,UT,Owner,,brown,,,,6.0,Gasoline,4.0,Good,Good,FWD,6,39.0,0.0,1,18.788683074795642,0.0,0.0
28,1584390631,1584570014,https://cars.ksl.com/listing/6312797,3000,1988,Nissan,Pathfinder,SUV,257000,Clean Title,American Fork,UT,Owner,XE,red,brown,Manual,3.0,6.0,Gasoline,2.0,Good,Very Good,4-Wheel Drive,2,75.0,2.0,1,36.12382444267294,0.9633019851379452,0.02666666666666667
29,1584390523,1584570015,https://cars.ksl.com/listing/6312795,27999,2018,Toyota,Tundra,Truck,21232,Rebuilt/Reconstructed Title,Murray,UT,Dealer,SR5,blue,gray,Automatic,,8.0,Gasoline,4.0,Excellent,Excellent,4-Wheel Drive,20,78.0,0.0,1,37.54596305127805,0.0,0.0
30,1584390516,1584570015,https://cars.ksl.com/listing/6100771,11900,2016,Nissan,Altima,Sedan,40704,Clean Title,Salt Lake City,UT,Dealer,2.5 S,gray,gray,Automatic,,4.0,Gasoline,4.0,Excellent,Excellent,FWD,11,,,0,,,
31,1584390441,1584570016,https://cars.ksl.com/listing/5139949,4900,2011,Chevrolet,HHR,Wagon,85350,Clean Title,Salt Lake City,UT,Dealer,LT,silver,gray,Automatic,2.2,4.0,Flex Fuel,4.0,Excellent,Excellent,FWD,13,1203.0,29.0,1,578.8066267576222,13.952944452178755,0.024106400665004156
32,1584390419,1584570017,https://cars.ksl.com/listing/5888025,8900,2014,Ford,Escape,Sport Utility,91729,Clean Title,Salt Lake City,UT,Dealer,SE,black,gray,Automatic,,4.0,Gasoline,4.0,Excellent,Excellent,2-Wheel Drive,18,761.0,30.0,1,366.09761801356365,14.432231984765977,0.03942181340341656
33,1584390397,1584570018,https://cars.ksl.com/listing/6296005,21476,2018,Toyota,Camry,Sedan,44480,,Murray,UT,Dealer,SE,super white,black,Automatic,,4.0,Gasoline,4.0,,,FWD,34,19.0,0.0,1,9.139243184260192,0.0,0.0
34,1584390389,1584570019,https://cars.ksl.com/listing/5920276,13900,2016,Toyota,Corolla,Sedan,34380,Clean Title,Salt Lake City,UT,Dealer,LE,blue,other,Automatic,,4.0,Gasoline,4.0,Excellent,Excellent,FWD,19,87.0,6.0,1,41.84601681233647,2.885932193954239,0.06896551724137931
35,1584390339,1584570019,https://cars.ksl.com/listing/6232923,18900,2014,Ram,1500,Truck,148937,Clean Title,Salt Lake City,UT,Dealer,Sport,black,black,Automatic,,8.0,Gasoline,4.0,Excellent,Excellent,4-Wheel Drive,21,66.0,2.0,1,31.736420302760468,0.9617097061442565,0.030303030303030304
36,1584390292,1584570021,https://cars.ksl.com/listing/5733378,10900,2015,Ford,Fusion,Sedan,65292,Clean Title,Salt Lake City,UT,Dealer,SE,silver,black,Automatic,,4.0,Gasoline,4.0,Excellent,Excellent,FWD,18,229.0,12.0,1,110.08574019774214,5.768685075864218,0.05240174672489083
37,1584390277,1584570021,https://cars.ksl.com/listing/6312790,7995,2008,BMW,X5,Sport Utility,126000,Clean Title,Midvale,UT,Dealer,4.8i,black,black,Automatic,,8.0,Gasoline,4.0,Excellent,Excellent,AWD,15,30.0,2.0,1,14.420509168595334,0.9613672779063557,0.06666666666666667
38,1584390240,1584570022,https://cars.ksl.com/listing/6228209,11900,2012,Dodge,Durango,Sport Utility,125880,Clean Title,Salt Lake City,UT,Dealer,Sport,other,beige,Automatic,,6.0,Flex Fuel,4.0,Excellent,Excellent,AWD,19,110.0,1.0,1,52.864024207095255,0.4805820382463206,0.00909090909090909
39,1584390231,1584570024,https://cars.ksl.com/listing/6296000,33164,2018,Honda,Odyssey,Minivan,29973,,St. George,UT,Dealer,EX-L,forest mist metallic,beige,Automatic,,6.0,Gasoline,4.0,,,FWD,5,14.0,0.0,1,6.727736897432047,0.0,0.0
40,1584390212,1584570025,https://cars.ksl.com/listing/6312789,9800,2015,Kia,Optima,Sedan,43585,Rebuilt/Reconstructed Title,Salt Lake City,UT,Dealer,SX Turbo,gray,black,Automatic,,4.0,Gasoline,,Very Good,Very Good,,10,30.0,0.0,1,14.41497555794075,0.0,0.0
41,1584390205,1584570025,https://cars.ksl.com/listing/6274074,11500,2011,Toyota,Venza,Wagon,117527,Clean Title,Salt Lake City,UT,Dealer,,blue,beige,Automatic,,6.0,Gasoline,4.0,Excellent,Excellent,AWD,21,102.0,3.0,1,49.00900900900901,1.4414414414414414,0.029411764705882353
42,1584390176,1584570026,https://cars.ksl.com/listing/6312788,3500,1999,Ford,F-250,Truck,443000,Clean Title,Salt Lake City,UT,Owner,XL,,,Manual,,8.0,Diesel,4.0,,,4-Wheel Drive,4,254.0,4.0,1,122.02168473728105,1.921601334445371,0.015748031496062992
43,1584390150,1584570027,https://cars.ksl.com/listing/6295999,47202,2019,Ram,2500,Truck,12647,,St. George,UT,Dealer,Big Horn,granite crystal metallic clearcoat,black / medium slate gray,Automatic,,6.0,Diesel,4.0,,,4-Wheel Drive,5,13.0,0.0,1,6.244266915725747,0.0,0.0
44,1584390123,1584570027,https://cars.ksl.com/listing/6266882,8750,2004,GMC,2500,Truck,270000,Clean Title,Hyrum,UT,Owner,,gray,gray,Automatic,6.6,8.0,Diesel,4.0,Fair,Fair,4-Wheel Drive,8,510.0,12.0,1,244.93062966915687,5.763073639274279,0.023529411764705882
45,1584390113,1584570028,https://cars.ksl.com/listing/6312786,500,1997,Jeep,Cherokee,SUV,216000,Clean Title,West Jordan,UT,Owner,Sport,black,gray,Automatic,4.0,6.0,Gasoline,4.0,Fair,Poor,4-Wheel Drive,7,,,0,,,
46,1584390026,1584570028,https://cars.ksl.com/listing/6312785,13995,2008,Toyota,Tacoma,Truck,159576,Clean Title,Sandy,UT,Owner,TRD Off Road,red,gray,Automatic,,6.0,Gasoline,4.0,Good,Very Good,4-Wheel Drive,19,314.0,13.0,1,150.71832535194054,6.239930667437029,0.041401273885350316
47,1584390016,1584570029,https://cars.ksl.com/listing/6274024,11900,2016,Kia,Sedona,Minivan,94515,Clean Title,Salt Lake City,UT,Dealer,LX,gray,beige,Automatic,,6.0,Gasoline,4.0,Excellent,Excellent,FWD,16,92.0,1.0,1,44.15681089699078,0.4799653358368563,0.010869565217391304
48,1584390012,1584570030,https://cars.ksl.com/listing/6312783,15850,2015,Kia,Optima,Sedan,56674,Clean Title,Layton,UT,Owner,SXL Turbo,white,black,Automatic,,4.0,Gasoline,4.0,Good,Excellent,FWD,7,36.0,0.0,1,17.278272172782724,0.0,0.0
49,1584390001,1584570031,https://cars.ksl.com/listing/6312782,9400,2017,Kia,Forte,Sedan,46000,Clean Title,Eagle Mountain,UT,Owner,S,white,black,Automanual,,4.0,Gasoline,4.0,Very Good,Very Good,FWD,0,,,0,,,
50,1584389902,1584570032,https://cars.ksl.com/listing/5537400,36995,2018,Chevrolet,Suburban,Sport Utility,35596,Clean Title,Draper,UT,Dealer,LT,silver,jet black,Automatic,,8.0,Flex Fuel,4.0,,,4-Wheel Drive,30,506.0,25.0,1,242.70471326264368,11.991339588075277,0.04940711462450593
51,1584389897,1584570032,https://cars.ksl.com/listing/6301654,12500,2015,Nissan,Pathfinder,SUV,87900,Clean Title,West Jordan,UT,Owner,S,red,black,CVT,3.5,6.0,Gasoline,4.0,Very Good,Excellent,4-Wheel Drive,19,67.0,3.0,1,32.135898076442665,1.438920809392955,0.04477611940298507
52,1584389870,1584570033,https://cars.ksl.com/listing/6312781,2200,2006,Chevrolet,Malibu,Sedan,214850,Clean Title,Lindon,UT,Owner,LT,white,gray,,,6.0,Gasoline,4.0,Good,,FWD,5,22.0,1.0,1,10.55044598502467,0.4795657265920306,0.045454545454545456
53,1584389862,1584570034,https://cars.ksl.com/listing/5970194,23995,2015,Chevrolet,Silverado 1500,Truck,162050,Clean Title,Idaho Falls,ID,Dealer,High Country,black,brown,Automatic,,8.0,Flex Fuel,,,,4-Wheel Drive,18,1031.0,15.0,1,494.40756610350104,7.1931265679461855,0.014548981571290009
54,1584389771,1584570036,https://cars.ksl.com/listing/5692883,20000,2001,GMC,TC7H042,Industrial / Semi,68500,Clean Title,Orem,UT,Owner,,green,gray,Manual,,6.0,Diesel,2.0,Fair,Good,RWD,15,810.0,8.0,1,388.22844146118223,3.8343549773943915,0.009876543209876543
55,1584389754,1584570037,https://cars.ksl.com/listing/5430217,16250,2012,Ram,2500,Truck,247500,Clean Title,Orem,UT,Owner,SLT,white,gray,Automanual,,6.0,Diesel,4.0,Very Good,Very Good,4-Wheel Drive,26,2322.0,42.0,1,1112.8104147368304,20.128353754929748,0.01808785529715762
56,1584389740,1584570038,https://cars.ksl.com/listing/6312778,2799,2005,Nissan,Maxima,Sedan,124000,Clean Title,Midvale,UT,Dealer,SE-L,silver,black,,,6.0,Gasoline,4.0,Very Good,Good,FWD,9,80.0,4.0,1,38.33653174189398,1.9168265870946986,0.05
57,1584389732,1584570038,https://cars.ksl.com/listing/5875475,19499,2007,GMC,3500,Truck,161000,Clean Title,Orem,UT,Owner,DRW SLE,white,black,Automanual,,8.0,Diesel,4.0,Fair,Good,4-Wheel Drive,50,1840.0,32.0,1,881.7011081162022,15.33393231506439,0.017391304347826087
58,1584389720,1584570039,https://cars.ksl.com/listing/6240258,1800,1984,Nissan,D21,Truck,157000,Clean Title,Bluffdale,UT,Owner,,blue,blue,,2.4,4.0,Gasoline,2.0,,,2-Wheel Drive,1,954.0,26.0,1,457.10989967779324,12.457921794153698,0.027253668763102725
59,1584389712,1584570039,https://cars.ksl.com/listing/5866029,23999,2011,Ford,F-350,Truck,228000,Clean Title,Highland,UT,Owner,Lariat,white,black,Automanual,,8.0,Diesel,4.0,Excellent,Excellent,4-Wheel Drive,25,922.0,15.0,1,441.75747392237434,7.186943718910646,0.016268980477223426
60,1584389665,1584570040,https://cars.ksl.com/listing/6233664,24500,2013,Chevrolet,Silverado 3500HD,Truck,221156,Clean Title,Orem,UT,Owner,LTZ,white,black,Automanual,,8.0,Diesel,4.0,Good,Excellent,4-Wheel Drive,12,115.0,3.0,1,55.08523908523909,1.4370062370062366,0.02608695652173913
61,1584389657,1584570042,https://cars.ksl.com/listing/6224078,5500,2006,Nissan,Xterra,SUV,191642,Clean Title,Salt Lake City,UT,Owner,,white,brown,Automatic,,6.0,Gasoline,4.0,Very Good,Very Good,4-Wheel Drive,7,155.0,6.0,1,74.24120630872855,2.873853147434654,0.03870967741935484
62,1584389648,1584570043,https://cars.ksl.com/listing/6059107,52995,2018,Dodge,Charger,Sedan,31000,Clean Title,American Fork,UT,Owner,SRT Hellcat,green,black,Automanual,,8.0,Gasoline,4.0,Excellent,Excellent,RWD,14,1614.0,22.0,1,773.0236425621554,10.536877407910419,0.013630731102850062
63,1584389641,1584570043,https://cars.ksl.com/listing/6276440,7800,2005,Ford,F-250,Truck,143000,Clean Title,Evanston,WY,Owner,XLT,black,beige,Manual,,10.0,Gasoline,4.0,Excellent,Excellent,4-Wheel Drive,8,237.0,1.0,1,113.50650214520903,0.47893038879835037,0.004219409282700422
64,1584389621,1584570045,https://cars.ksl.com/listing/6276427,8200,2006,Hummer,H3,Sport Utility,131000,Clean Title,Evanston,WY,Owner,Adventure,gold,black,Manual,,5.0,Gasoline,4.0,Very Good,Excellent,4-Wheel Drive,7,162.0,5.0,1,77.57726244845476,2.3943599521128007,0.030864197530864196
65,1584389601,1584570050,https://cars.ksl.com/listing/6269199,13500,2006,Ford,F-450,Truck,99900,Clean Title,Evanston,WY,Owner,XL,white,gray,Automatic,,8.0,Diesel,2.0,Excellent,Excellent,4-Wheel Drive,7,131.0,2.0,1,62.723539615071296,0.9576112918331494,0.015267175572519083
66,1584389531,1584570051,https://cars.ksl.com/listing/6312773,1500,1979,GMC,Sierra,Truck,92816,Clean Title,Pleasant Grove,UT,Owner,SLT,blue,gray,Manual,,8.0,Gasoline,2.0,Fair,Poor,4-Wheel Drive,15,585.0,19.0,1,279.99113671615333,9.093729226678484,0.03247863247863248
67,1584389510,1584570053,https://cars.ksl.com/listing/6312772,2500,2003,Honda,Odyssey,Minivan,218594,Clean Title,Shelley,ID,Owner,EX,red,gray,Automanual,,6.0,Gasoline,5.0,Good,Good,FWD,14,19.0,1.0,1,9.092570744919493,0.47855635499576277,0.05263157894736842
68,1584389506,1584570054,https://cars.ksl.com/listing/6312771,5775,2006,Ford,Mustang,Coupe,155201,Rebuilt/Reconstructed Title,Plain City,UT,Owner,GT,black,black,Automatic,,8.0,Gasoline,2.0,Very Good,Very Good,2-Wheel Drive,13,285.0,13.0,1,136.3847841017347,6.221060327447548,0.0456140350877193
69,1584389504,1584570057,https://cars.ksl.com/listing/6312770,995,2002,Subaru,Forester,Wagon,220368,Clean Title,North Salt Lake,UT,Dealer,,,,Automatic,,4.0,Gasoline,,,,AWD,7,215.0,15.0,1,102.88391774160496,7.1779477494143,0.06976744186046512
70,1584389501,1584570058,https://cars.ksl.com/listing/6312769,51900,2019,Ram,2500,Truck,16399,Clean Title,Bountiful,UT,Dealer,Laramie,blue,black,Automatic,,6.0,Diesel,4.0,,,4-Wheel Drive,8,82.0,6.0,1,39.23857839906512,2.8711154926145213,0.07317073170731707
71,1584389472,1584570059,https://cars.ksl.com/listing/6312767,4000,2002,Jeep,Grand Cherokee,SUV,214850,Clean Title,West Jordan,UT,Owner,Laredo,red,black,Automatic,,6.0,Gasoline,4.0,Very Good,Very Good,4-Wheel Drive,7,58.0,1.0,1,27.749505778378285,0.4784397547996257,0.017241379310344827
72,1584389446,1584570059,https://cars.ksl.com/listing/5924758,8995,1999,Dodge,Ram 2500,Truck,260000,,American Fork,UT,Dealer,,red,agate,Automatic,,6.0,Diesel,4.0,,,4-Wheel Drive,14,5555.0,152.0,1,2657.350246106316,72.71237397086588,0.027362736273627362
73,1584389434,1584570060,https://cars.ksl.com/listing/6312766,1500,2007,Ford,F-350,Truck,1,Clean Title,West Valley City,UT,Owner,XL,,,Automatic,,10.0,Gasoline,4.0,,,4-Wheel Drive,5,529.0,8.0,1,253.03998316964336,3.8266916169322243,0.015122873345935728
74,1584389404,1584570061,https://cars.ksl.com/listing/5130224,35980,2016,Ford,F-150,Truck,35651,Clean Title,Midvale,UT,Dealer,XLT,red,black,Automatic,,6.0,Gasoline,,Excellent,Excellent,4-Wheel Drive,53,1493.0,50.0,1,714.0337767149902,23.912718577193246,0.033489618218352314
75,1584389360,1584570063,https://cars.ksl.com/listing/6312765,19000,2016,Chevrolet,Colorado,Truck,64483,Rebuilt/Reconstructed Title,Spanish Fork,UT,Dealer,4WD Z71,white,black,Automatic,,6.0,Gasoline,4.0,Very Good,Very Good,4-Wheel Drive,23,68.0,2.0,1,32.51301859958052,0.9562652529288389,0.029411764705882353
76,1584389276,1584570063,https://cars.ksl.com/listing/6271350,40995,2018,GMC,2500,Truck,81500,Clean Title,Idaho Falls,ID,Dealer,SLT,white,black,Automatic,,8.0,Diesel,4.0,Excellent,Excellent,4-Wheel Drive,25,85.0,7.0,1,40.6223898842284,3.3453732845835153,0.08235294117647059
77,1584389258,1584570065,https://cars.ksl.com/listing/6271606,17995,2013,Toyota,Sequoia,SUV,147912,Clean Title,Idaho Falls,ID,Dealer,SR5,gray,gray,Automatic,,8.0,Gasoline,4.0,Excellent,Excellent,4-Wheel Drive,21,51.0,0.0,1,24.370737858600606,0.0,0.0
78,1584389249,1584570066,https://cars.ksl.com/listing/6312764,8500,2008,BMW,3 Series,Sedan,108000,Rebuilt/Reconstructed Title,Pleasant View,UT,Owner,335xi,gray,black,Automatic,3.0,6.0,Gasoline,4.0,Good,Very Good,AWD,5,91.0,1.0,1,43.482637141419225,0.4778311773782333,0.01098901098901099
79,1584389240,1584570067,https://cars.ksl.com/listing/6230067,25900,2019,Subaru,Impreza,Hatchback,2001,,Boise,ID,Dealer,Limited,ice silver metallic,black,Automatic,,4.0,Gasoline,4.0,,,,31,15.0,1.0,1,7.167071289132707,0.47780475260884725,0.06666666666666667
80,1584389181,1584570068,https://cars.ksl.com/listing/6312763,26000,2017,Toyota,Prius,Hatchback,20200,Clean Title,Herriman,UT,Owner,Advanced,white,black,,,4.0,Hybrid,,,,,6,,,0,,,
81,1584389041,1584570069,https://cars.ksl.com/listing/6312760,4499,2008,Nissan,Altima,Sedan,159000,Clean Title,Draper,UT,Owner,2.5 SL,blue,black,Automanual,,4.0,Gasoline,4.0,Very Good,Excellent,FWD,17,42.0,4.0,1,20.045517820447667,1.90909693528073,0.09523809523809523
82,1584388942,1584570070,https://cars.ksl.com/listing/6312759,650,1959,Ford,Galaxie,Sedan,11111,Clean Title,Fielding,UT,Owner,,green,green,Automatic,,8.0,Gasoline,4.0,Poor,Poor,RWD,38,509.0,14.0,1,242.79846296541672,6.678150258380812,0.0275049115913556
83,1584388921,1584570070,https://cars.ksl.com/listing/6239133,8495,2016,Ford,Focus,Sedan,43000,Rebuilt/Reconstructed Title,Salt Lake City,UT,Dealer,Titanium,red,black,Automatic,,4.0,Flex Fuel,5.0,Excellent,Excellent,FWD,25,181.0,7.0,1,86.32893364026299,3.3386880413361375,0.03867403314917127
84,1584388848,1584570071,https://cars.ksl.com/listing/6312758,8999,2012,Chevrolet,Camaro,Coupe,91000,Clean Title,Springville,UT,Dealer,LS,silver,tan,Automatic,,6.0,Gasoline,2.0,Very Good,Very Good,RWD,20,96.0,4.0,1,45.76902490302004,1.9070427042925018,0.041666666666666664
85,1584388826,1584570071,https://cars.ksl.com/listing/6312755,11250,2016,Toyota,Corolla,Sedan,63000,Clean Title,North Ogden,UT,Owner,LE,white,tan,Automatic,,4.0,Gasoline,4.0,Very Good,Very Good,FWD,7,,,0,,,
86,1584388795,1584570072,https://cars.ksl.com/listing/6312754,5111,2007,Chrysler,Aspen,Sport Utility,165550,Clean Title,Millcreek,UT,Dealer,Limited,white,gray,Automatic,,8.0,Gasoline,4.0,Good,Good,4-Wheel Drive,13,5.0,0.0,1,2.3830932771394053,0.0,0.0
87,1584388783,1584570074,https://cars.ksl.com/listing/5765907,17995,2018,Chevrolet,Equinox,Sport Utility,20482,Clean Title,Tremonton,UT,Dealer,LS,mosaic black metallic,medium ash gray,Automatic,,4.0,Gasoline,,,,FWD,25,591.0,11.0,1,281.659872801187,5.242400339785208,0.018612521150592216
88,1584388728,1584570075,https://cars.ksl.com/listing/5765905,18495,2016,Buick,Encore,Sport Utility,27173,Clean Title,Tremonton,UT,Dealer,Premium,white pearl tricoat,saddle,Automatic,,4.0,Gasoline,,,,FWD,28,195.0,6.0,1,92.90476269251766,2.8586080828466973,0.03076923076923077
89,1584388694,1584570077,https://cars.ksl.com/listing/6312751,5100,2002,Ford,F-450,Truck,294972,Clean Title,Providence,UT,Owner,,white,,Automatic,7.3,8.0,Diesel,2.0,,,RWD,5,66.0,2.0,1,31.438447925108754,0.9526802401548105,0.030303030303030304
90,1584388693,1584570078,https://cars.ksl.com/listing/6312750,23999,2016,Ram,1500,Truck,21365,,Draper,UT,Dealer,Big Horn,blue streak pearlcoat,black,Automatic,,8.0,Gasoline,4.0,,,4-Wheel Drive,2,,,0,,,
91,1584388674,1584570079,https://cars.ksl.com/listing/6274927,109999,1991,Acura,NSX,Coupe,30129,Clean Title,Fresno,CA,Dealer,Sport,white,red,Manual,,6.0,Gasoline,2.0,Excellent,Very Good,RWD,23,1051.0,18.0,1,500.5727515779609,8.573082329594001,0.017126546146527116
92,1584388673,1584570081,https://cars.ksl.com/listing/4957195,40987,2019,Mercedes-Benz,GLC-Class,Sport Utility,9086,,Farmington,UT,Dealer,GLC 300,selenite grey metallic,black,Automatic,,4.0,Gasoline,4.0,,,AWD,50,180.0,2.0,1,85.72940553889575,0.952548950432175,0.011111111111111112
93,1584388658,1584570083,https://cars.ksl.com/listing/6274908,158650,2016,McLaren,650S,Convertible,6991,Clean Title,Fresno,CA,Dealer,,silver,red,Automanual,,8.0,Gasoline,2.0,Good,Very Good,RWD,20,1097.0,23.0,1,522.4241422075237,10.953286482017361,0.020966271649954422
94,1584388655,1584570084,https://cars.ksl.com/listing/6274626,265488,2019,Ferrari,488 GTB,Coupe,2325,Clean Title,Fresno,CA,Owner,,silver,beige,Automanual,,8.0,Gasoline,2.0,Excellent,Excellent,RWD,23,1080.0,11.0,1,514.3168953144205,5.238412822646875,0.010185185185185186
95,1584388616,1584570086,https://cars.ksl.com/listing/6073278,19401,2016,Ford,Edge,Sport Utility,52260,,Hollister,ID,Dealer,SEL,blue,dune,Automatic,,4.0,Gasoline,4.0,,,AWD,18,21.0,0.0,1,9.998346834187469,0.0,0.0
96,1584388655,1584570087,https://cars.ksl.com/listing/6274626,265488,2019,Ferrari,488 GTB,Coupe,2325,Clean Title,Fresno,CA,Owner,,silver,beige,Automanual,,8.0,Gasoline,2.0,Excellent,Excellent,RWD,23,1081.0,11.0,1,514.7846024957009,5.2383262048591215,0.010175763182238668
97,1584388616,1584570089,https://cars.ksl.com/listing/6073278,19401,2016,Ford,Edge,Sport Utility,52260,,Hollister,ID,Dealer,SEL,blue,dune,Automatic,,4.0,Gasoline,4.0,,,AWD,18,22.0,0.0,1,10.474285430890545,0.0,0.0
98,1584388551,1584570090,https://cars.ksl.com/listing/6224426,16000,2016,Ford,Mustang,Coupe,57000,Clean Title,West Jordan,UT,Owner,EcoBoost Premium,white,white,Automanual,,4.0,Gasoline,2.0,Good,Good,RWD,7,570.0,18.0,1,271.28055128650044,8.566754251152645,0.031578947368421054
99,1584388506,1584570091,https://cars.ksl.com/listing/6277285,29500,2018,Ford,F-150,Truck,21050,,Provo,UT,Dealer,XLT,white,,Automatic,,8.0,Flex Fuel,4.0,,,4-Wheel Drive,28,73.0,1.0,1,34.73414654294132,0.47581022661563455,0.0136986301369863
100,1584388397,1584570092,https://cars.ksl.com/listing/6312749,1000,1998,Ford,Crown Victoria,Sedan,117911,Clean Title,Draper,UT,Owner,,,,Automatic,,8.0,Gasoline,4.0,,,RWD,7,,,0,,,
101,1584388396,1584570092,https://cars.ksl.com/listing/6226966,12499,2013,Ford,Edge,Sport Utility,72818,,Salt Lake City,UT,Dealer,SE,black,charcoal black,Automatic,,4.0,Gasoline,4.0,,,FWD,19,,,0,,,
102,1584388342,1584570093,https://cars.ksl.com/listing/6312747,30000,2016,Volkswagen,Golf R,Hatchback,38334,Clean Title,Draper,UT,Owner,,black,black,Automanual,,4.0,Gasoline,5.0,Excellent,Excellent,AWD,18,48.0,0.0,1,22.818031262551514,0.0,0.0
103,1584388333,1584570094,https://cars.ksl.com/listing/6312746,1000,1998,Ford,Taurus,Sedan,241293,Clean Title,Tremonton,UT,Owner,,white,gray,Automatic,,6.0,Gasoline,4.0,Fair,Good,FWD,3,44.0,2.0,1,20.915377886345254,0.9506989948338752,0.045454545454545456
104,1584388311,1584570094,https://cars.ksl.com/listing/6312744,10795,2011,Nissan,Armada,Sport Utility,90000,Rebuilt/Reconstructed Title,Provo,UT,Dealer,Platinum,white,gray,Automatic,,8.0,Gasoline,4.0,Excellent,Excellent,4-Wheel Drive,39,61.0,5.0,1,28.99281010875604,2.376459844980004,0.08196721311475409
105,1584388249,1584570096,https://cars.ksl.com/listing/6312742,1700,2003,Subaru,Impreza,Wagon,177000,Clean Title,Lehi,UT,Owner,WRX,silver,silver,Manual,2.0,4.0,Gasoline,4.0,Good,Very Good,AWD,16,,,0,,,
106,1584388230,1584570098,https://cars.ksl.com/listing/5570636,21995,2015,BMW,3 Series,Hatchback,22637,Clean Title,American Fork,UT,Dealer,328i xDrive,silver,black,Automatic,,4.0,Gasoline,4.0,,,AWD,30,2411.0,25.0,1,1145.393362218752,11.876745771658564,0.010369141435089175
107,1584388214,1584570098,https://cars.ksl.com/listing/6312741,3150,2005,Pontiac,Grand Prix,Sedan,132807,,Taylorsville,UT,Owner,GTP,gray,black,Automatic,,6.0,Gasoline,4.0,Good,Good,FWD,10,29.0,1.0,1,13.77581315563766,0.47502803984957453,0.034482758620689655
108,1584388175,1584570100,https://cars.ksl.com/listing/5515497,32995,2016,Ford,F-150,Truck,102306,Clean Title,Idaho Falls,ID,Dealer,Lariat,black,black,Automatic,,6.0,Gasoline,,,,4-Wheel Drive,28,183.0,1.0,1,86.9105400577161,0.47492098392194587,0.00546448087431694
109,1584388145,1584570101,https://cars.ksl.com/listing/6312740,26588,2015,Chevrolet,Silverado 1500,Truck,72500,,American Fork,UT,Dealer,LT,brownstone metallic,jet black,Automatic,,8.0,Gasoline,4.0,,,4-Wheel Drive,1,3.0,0.0,1,1.424520213678032,0.0,0.0
110,1584388141,1584570103,https://cars.ksl.com/listing/6312739,25079,2016,Ford,Edge,Sport Utility,32857,,American Fork,UT,Dealer,Sport,orange,ebony,Automatic,,6.0,Gasoline,4.0,,,AWD,1,3.0,0.0,1,1.4244732416658425,0.0,0.0
111,1584388138,1584570104,https://cars.ksl.com/listing/6312738,23441,2014,Ford,F-150,Truck,98516,,American Fork,UT,Dealer,FX4,maroon,black,Automatic,,6.0,Gasoline,4.0,,,4-Wheel Drive,1,10.0,0.0,1,4.7481397623731905,0.0,0.0
112,1584388130,1584570105,https://cars.ksl.com/listing/6312737,31479,2015,Toyota,4Runner,Sport Utility,56460,,American Fork,UT,Dealer,Limited,gray,,Automatic,,6.0,Gasoline,4.0,,,4-Wheel Drive,22,39.0,0.0,1,18.516829234784996,0.0,0.0
113,1584388120,1584570105,https://cars.ksl.com/listing/6269393,12900,2013,Ford,Flex,Sport Utility,74339,Rebuilt/Reconstructed Title,West Haven,UT,Owner,Limited EcoBoost,red,black,Automatic,,6.0,Gasoline,5.0,Very Good,Very Good,AWD,9,244.0,11.0,1,115.8425144929527,5.222408440256065,0.045081967213114756
114,1584388110,1584570107,https://cars.ksl.com/listing/6271884,6997,2016,Chevrolet,Impala,Sedan,92042,Clean Title,Midvale,UT,Dealer,LT,silver,black,Automatic,,6.0,Gasoline,4.0,Very Good,Very Good,FWD,15,27.0,2.0,1,12.817793699896153,0.9494661999923076,0.07407407407407407
115,1584388102,1584570109,https://cars.ksl.com/listing/6312736,14900,2019,Volkswagen,Jetta,Sedan,16700,Clean Title,West Jordan,UT,Owner,1.4T S,other,black,Manual,1.4,4.0,Gasoline,4.0,Excellent,Excellent,FWD,9,28.0,1.0,1,13.291796469366563,0.47470701676309146,0.03571428571428571
116,1584388090,1584570111,https://cars.ksl.com/listing/6312735,3500,2007,Nissan,Xterra,SUV,182000,Clean Title,Syracuse,UT,Owner,Off Road,gray,black,Automatic,,6.0,Gasoline,4.0,Very Good,Good,4-Wheel Drive,14,93.0,8.0,1,44.144356969800185,3.797364040412919,0.08602150537634409
117,1584388075,1584570113,https://cars.ksl.com/listing/6312734,7990,2014,Dodge,Grand Caravan,Minivan,75990,Rebuilt/Reconstructed Title,Murray,UT,Dealer,SXT,white,black,Automatic,,6.0,Flex Fuel,4.0,Excellent,Excellent,FWD,17,29.0,2.0,1,13.764159131609881,0.9492523539041298,0.06896551724137931
118,1584388064,1584570113,https://cars.ksl.com/listing/6312733,7900,2011,GMC,3500,Truck,6480,Rebuilt/Reconstructed Title,North Salt Lake,UT,Dealer,SLT,green,black,Automatic,,8.0,Diesel,4.0,Good,Fair,4-Wheel Drive,3,135.0,1.0,1,64.0706622942175,0.4745974984756851,0.007407407407407408
119,1584388033,1584570115,https://cars.ksl.com/listing/6312732,1500,2002,Chrysler,PT Cruiser,Truck,194000,Clean Title,Lewiston,UT,Owner,,,,,,4.0,Gasoline,,,,FWD,12,37.0,3.0,1,17.556924901967246,1.423534451510858,0.08108108108108109
120,1584387991,1584570116,https://cars.ksl.com/listing/6312729,22500,2012,Ford,F-150,Truck,42555,Clean Title,Herriman,UT,Owner,,,,Automatic,,6.0,Gasoline,,,,4-Wheel Drive,6,67.0,0.0,1,31.784763212079618,0.0,0.0
121,1584387845,1584570118,https://cars.ksl.com/listing/6312727,15163,2014,Nissan,Xterra,Sport Utility,120731,,West Valley City,UT,Dealer,S,metallic blue,gray,Automatic,,6.0,Gasoline,4.0,,,4-Wheel Drive,21,6.0,0.0,1,2.844085520071541,0.0,0.0
122,1584387843,1584570119,https://cars.ksl.com/listing/5696067,11990,2017,Volkswagen,Jetta,Sedan,39247,Clean Title,Salt Lake City,UT,Dealer,1.4T S,off white,gray,Automatic,,4.0,Gasoline,4.0,,,,38,1303.0,41.0,1,617.6304066360904,19.43426452193377,0.031465848042977744
123,1584387830,1584570121,https://cars.ksl.com/listing/6312726,13182,2016,Jeep,Compass,Sport Utility,71685,,West Valley City,UT,Dealer,Sport,true blue pearlcoat,dark slate gray,Automatic,,4.0,Gasoline,4.0,,,4-Wheel Drive,21,2.0,0.0,1,0.9479348953047599,0.0,0.0
124,1584387816,1584570123,https://cars.ksl.com/listing/6235537,32900,2019,Ford,Transit,Van,13363,Clean Title,Roy,UT,Dealer,,white,gray,Automanual,,6.0,Flex Fuel,5.0,,,2-Wheel Drive,32,93.0,4.0,1,44.07510408267373,1.8957034014053218,0.043010752688172046
125,1584387810,1584570124,https://cars.ksl.com/listing/6312725,34500,2019,Toyota,4Runner,SUV,13687,,Millcreek,UT,Dealer,TRD Off Road Premium,white,black,Automatic,,6.0,Gasoline,4.0,Excellent,Excellent,4-Wheel Drive,5,47.0,1.0,1,22.273659729916517,0.473907653828011,0.02127659574468085
126,1584387789,1584570126,https://cars.ksl.com/listing/4974689,25995,2014,Ram,1500,Truck,65234,Clean Title,Idaho Falls,ID,Dealer,Sport,white,black,Automatic,,8.0,Gasoline,,,,4-Wheel Drive,12,212.0,4.0,1,100.45574951874825,1.895391500353741,0.018867924528301886
127,1584387749,1584570127,https://cars.ksl.com/listing/6312723,13000,2007,Chevrolet,Tahoe,Sport Utility,129000,Clean Title,La Verkin,UT,Owner,LT,black,tan,Automatic,,8.0,Flex Fuel,4.0,Very Good,Very Good,4-Wheel Drive,6,29.0,3.0,1,13.738499161083025,1.42122405114652,0.10344827586206896
128,1584387737,1584570127,https://cars.ksl.com/listing/6197365,19750,2016,Honda,Odyssey,Minivan,39563,Clean Title,Lehi,UT,Dealer,SE,gray,gray,Automanual,,6.0,Gasoline,4.0,Excellent,Excellent,FWD,27,265.0,14.0,1,125.53319809200065,6.631942540709469,0.052830188679245285
129,1584387714,1584570128,https://cars.ksl.com/listing/6070022,11590,2015,Volkswagen,Passat,Sedan,32981,Clean Title,Lehi,UT,Dealer,Limited Edition,black,black,Automanual,,4.0,Gasoline,4.0,Excellent,Excellent,FWD,21,338.0,17.0,1,160.09297531987676,8.052013551591434,0.05029585798816568
130,1584387684,1584570129,https://cars.ksl.com/listing/6312722,6995,2006,Honda,Pilot,Sport Utility,144575,Clean Title,Murray,UT,Dealer,LX,silver,gray,Automatic,,6.0,Gasoline,4.0,Excellent,Excellent,AWD,29,20.0,1.0,1,9.47134752939242,0.473567376469621,0.05
131,1584387664,1584570130,https://cars.ksl.com/listing/5952787,32995,2019,Ford,Transit,Van,7389,Clean Title,Lehi,UT,Dealer,XLT,white,gray,Automatic,,6.0,Gasoline,5.0,Excellent,Excellent,2-Wheel Drive,15,318.0,9.0,1,150.57709381473808,4.261615862681266,0.02830188679245283
132,1584387642,1584570131,https://cars.ksl.com/listing/6271869,26980,2019,Subaru,Outback,Wagon,11875,Clean Title,Lehi,UT,Dealer,Limited,gray,black,Automanual,,4.0,Gasoline,4.0,Excellent,Excellent,AWD,28,117.0,7.0,1,55.39402374937667,3.314172361073818,0.05982905982905983
133,1584387637,1584570131,https://cars.ksl.com/listing/6275253,12499,2015,Subaru,Legacy,Sedan,62122,Clean Title,South Salt Lake,UT,Owner,2.5i,silver,gray,Automatic,,4.0,Gasoline,4.0,Very Good,Very Good,AWD,16,137.0,6.0,1,64.86131050883864,2.840641336153517,0.043795620437956206
134,1584387626,1584570132,https://cars.ksl.com/listing/6312721,11250,2010,Mercedes-Benz,E-Class,Sedan,115842,,Salt Lake City,UT,Dealer,E 350 Luxury,white,black,Automatic,,6.0,Gasoline,4.0,,,AWD,2,13.0,0.0,1,6.154318214195698,0.0,0.0
135,1584387620,1584570134,https://cars.ksl.com/listing/6312720,28500,2017,Honda,Pilot,Sport Utility,50772,,Salt Lake City,UT,Dealer,EX-L,white,beige,Automatic,,6.0,Gasoline,4.0,,,4-Wheel Drive,2,7.0,0.0,1,3.3137183996844075,0.0,0.0
136,1584387616,1584570136,https://cars.ksl.com/listing/6312719,8750,2008,Honda,Element,Sport Utility,198804,,Salt Lake City,UT,Dealer,EX,blue,gray/black,Automatic,,4.0,Gasoline,4.0,,,4-Wheel Drive,1,9.0,0.0,1,4.260355029585798,0.0,0.0
137,1584387612,1584570136,https://cars.ksl.com/listing/6312718,15990,2013,Honda,CR-V,Sport Utility,32010,,Salt Lake City,UT,Dealer,LX,gray,gray,Automatic,,4.0,Gasoline,4.0,,,4-Wheel Drive,1,4.0,0.0,1,1.893449628542,0.0,0.0
138,1584387553,1584570137,https://cars.ksl.com/listing/6312717,8995,2012,Kia,Optima,Sedan,96562,Clean Title,North Salt Lake,UT,Dealer,SX Turbo,gray,black,Automatic,,4.0,Gasoline,4.0,,,FWD,5,72.0,4.0,1,34.07089339701179,1.892827410945099,0.05555555555555555
139,1584387520,1584570139,https://cars.ksl.com/listing/6312716,35323,2017,Nissan,Armada,Sport Utility,39890,,Lehi,UT,Dealer,Platinum,hermosa blue,almond,Automatic,,8.0,Gasoline,4.0,,,4-Wheel Drive,1,16.0,0.0,1,7.569858557981371,0.0,0.0
140,1584387516,1584570141,https://cars.ksl.com/listing/6312715,21874,2017,Subaru,Crosstrek,Sport Utility,27892,,Lehi,UT,Dealer,Limited,crystal white pearl,black,Automatic,,4.0,Gasoline,4.0,,,,1,11.0,0.0,1,5.204106776180698,0.0,0.0
141,1584387513,1584570142,https://cars.ksl.com/listing/6271436,2800,2007,Dodge,Magnum,Wagon,213000,Clean Title,Sunset,UT,Owner,,red,black,,,6.0,Gasoline,4.0,Very Good,Good,AWD,9,218.0,2.0,1,103.13367537466667,0.946180508024465,0.009174311926605505
142,1584387495,1584570144,https://cars.ksl.com/listing/6312714,34998,2018,Dodge,Durango,Sport Utility,5538,,Heber City,UT,Dealer,Citadel,in-violet clearcoat,black,Automatic,,6.0,Gasoline,4.0,,,4-Wheel Drive,1,5.0,0.0,1,2.365192253995368,0.0,0.0
143,1584387492,1584570146,https://cars.ksl.com/listing/6312713,1600,2005,Chevrolet,Cobalt,Sedan,130000,Clean Title,Murray,UT,Owner,,red,gray,Automatic,,4.0,Gasoline,4.0,Good,Good,FWD,3,,,0,,,
144,1584387451,1584570148,https://cars.ksl.com/listing/6151440,38198,2016,GMC,Yukon,Sport Utility,46998,,American Fork,UT,Dealer,SLT,black,cocoa/shale,Automatic,,8.0,Gasoline,4.0,,,4-Wheel Drive,23,377.0,9.0,1,178.28864184961986,4.256227524261481,0.023872679045092837
145,1584387396,1584570149,https://cars.ksl.com/listing/4974678,28995,2017,Ram,1500,Truck,92437,Clean Title,Idaho Falls,ID,Dealer,Laramie,silver,black,Automatic,,8.0,Gasoline,,,,4-Wheel Drive,16,106.0,2.0,1,50.11354122777738,0.9455385137316488,0.018867924528301886
146,1584387395,1584570149,https://cars.ksl.com/listing/6312711,18967,2017,Jeep,Renegade,Sport Utility,36269,,Boise,ID,Dealer,Trailhawk,jetset blue,black,Automatic,,4.0,Gasoline,4.0,,,4-Wheel Drive,2,2.0,0.0,1,0.9455333398995369,0.0,0.0
147,1584387388,1584570151,https://cars.ksl.com/listing/6312710,39967,2018,Ram,2500,Truck,7038,,Boise,ID,Dealer,Tradesman,bright silver metallic clearcoat,diesel gray/black,Automatic,,6.0,Diesel,4.0,,,4-Wheel Drive,2,24.0,1.0,1,11.345841335500074,0.4727433889791697,0.041666666666666664
148,1584387371,1584570152,https://cars.ksl.com/listing/6312709,13852,2016,Nissan,Pathfinder,Sport Utility,93357,,Boise,ID,Dealer,SV,red,,Automatic,,6.0,Gasoline,4.0,,,,1,1.0,0.0,1,0.47269683391599776,0.0,0.0
149,1584387368,1584570152,https://cars.ksl.com/listing/6312708,19641,2013,Jeep,Wrangler,Convertible,73277,,Boise,ID,Dealer,Sport,gecko pearl,black interior,Automatic,,6.0,Gasoline,2.0,,,4-Wheel Drive,1,17.0,0.0,1,8.035714285714285,0.0,0.0
150,1584387364,1584570154,https://cars.ksl.com/listing/6312707,14967,2013,BMW,3 Series,Sedan,37775,,Boise,ID,Dealer,320i xDrive,black,,Automatic,,4.0,Gasoline,4.0,,,AWD,1,8.0,0.0,1,3.781388478581979,0.0,0.0
151,1584387358,1584570156,https://cars.ksl.com/listing/6312706,29967,2017,Chevrolet,Silverado 1500,Truck,38742,,Boise,ID,Dealer,LT,graphite metallic,jet black,Automatic,,8.0,Gasoline,4.0,,,4-Wheel Drive,6,3.0,0.0,1,1.4179586209914767,0.0,0.0
152,1584387355,1584570156,https://cars.ksl.com/listing/6312705,35972,2019,Toyota,Tacoma,Truck,3441,,Boise,ID,Dealer,TRD Off Road,super white,,Automatic,,6.0,Gasoline,4.0,,,4-Wheel Drive,1,23.0,1.0,1,10.87083768688355,0.47264511682102395,0.043478260869565216
153,1584387268,1584570157,https://cars.ksl.com/listing/6312703,1500,1997,Subaru,Legacy,Sedan,208111,Clean Title,South Ogden,UT,Owner,2.5GT,blue,creme,Manual,,4.0,Gasoline,4.0,Fair,Very Good,AWD,13,,,0,,,
154,1584387258,1584570157,https://cars.ksl.com/listing/6312701,1000,2002,Honda,Accord,Sedan,203415,Clean Title,West Valley City,UT,Owner,,black,gray,,,4.0,Gasoline,2.0,Fair,Good,FWD,6,,,0,,,
155,1584387247,1584570158,https://cars.ksl.com/listing/6312700,3000,1966,Chevrolet,Caprice,Wagon,10,,Duchesne,UT,Owner,,,,,,,,,,,,4,230.0,7.0,1,108.64300124104074,3.306526124727326,0.030434782608695653
156,1584387176,1584570159,https://cars.ksl.com/listing/5889968,6995,2011,Mini,Cooper,Hatchback,79370,Clean Title,Pocatello,ID,Dealer,S,white,unspecified,Automatic,,4.0,Gasoline,,,,FWD,12,494.0,8.0,1,233.2544553319161,3.7774000863468196,0.016194331983805668
157,1584387173,1584570161,https://cars.ksl.com/listing/6273845,23650,2016,Toyota,Sienna,Minivan,19651,Clean Title,Lehi,UT,Dealer,XLE,black,gray,Automanual,,6.0,Gasoline,4.0,Excellent,Excellent,FWD,24,93.0,6.0,1,43.91107613614007,2.8329726539445206,0.06451612903225806
158,1584387165,1584570161,https://cars.ksl.com/listing/6193560,10000,2002,Dodge,Ram 2500,Truck,187690,Clean Title,Salt Lake City,UT,Owner,SLT,gray,gray,Automatic,,6.0,Diesel,4.0,Fair,Good,4-Wheel Drive,8,1106.0,20.0,1,522.1884631358063,9.442829351461235,0.018083182640144666
159,1584387119,1584570162,https://cars.ksl.com/listing/6312698,4995,2013,Volkswagen,Passat,Sedan,144876,Clean Title,Orem,UT,Dealer,S,silver,black,Automatic,,5.0,Gasoline,4.0,Excellent,Excellent,RWD,18,50.0,2.0,1,23.601011784116302,0.944040471364652,0.04
160,1584387096,1584570162,https://cars.ksl.com/listing/6271403,4985,2012,Dodge,Grand Caravan,Minivan,135090,Clean Title,Lehi,UT,Dealer,Crew,black,tan,Automanual,,6.0,Flex Fuel,4.0,Excellent,Excellent,FWD,21,67.0,2.0,1,31.621382452230343,0.9439218642456817,0.029850746268656716
161,1584387084,1584570163,https://cars.ksl.com/listing/6312696,21991,2013,Chevrolet,Suburban,Sport Utility,117995,Clean Title,Draper,UT,Dealer,LTZ,silver ice metallic,ebony,Automatic,,8.0,Flex Fuel,4.0,,,4-Wheel Drive,48,12.0,1.0,1,5.663129031729473,0.4719274193107893,0.08333333333333333
162,1584387072,1584570164,https://cars.ksl.com/listing/6312695,4000,2008,Subaru,Outback,Wagon,133984,Rebuilt/Reconstructed Title,Pleasant Grove,UT,Owner,,,,,,4.0,Gasoline,,,,AWD,1,58.0,5.0,1,27.369846852948243,2.3594695562886416,0.08620689655172414
163,1584387030,1584570164,https://cars.ksl.com/listing/6236003,10650,2017,Honda,Fit,Hatchback,41101,Clean Title,Lehi,UT,Dealer,LX,gray,black,Automanual,,4.0,Gasoline,4.0,Excellent,Excellent,FWD,17,132.0,7.0,1,62.27571068179583,3.302499808883113,0.05303030303030303
164,1584387006,1584570165,https://cars.ksl.com/listing/6269316,20980,2016,Honda,Odyssey,Minivan,25716,Clean Title,Lehi,UT,Dealer,SE,white,tan,Automanual,,6.0,Gasoline,4.0,Excellent,Excellent,FWD,27,180.0,5.0,1,84.9098324406663,2.358606456685175,0.027777777777777776
165,1584386990,1584570166,https://cars.ksl.com/listing/6268967,10650,2016,Honda,Fit,Sedan,36043,Clean Title,Lehi,UT,Dealer,LX,black,black,Automanual,,4.0,Gasoline,4.0,Excellent,Excellent,FWD,23,74.0,7.0,1,34.9041359130017,3.301742586365026,0.0945945945945946
166,1584386958,1584570168,https://cars.ksl.com/listing/6237561,25900,2012,Ram,2500,Truck,88000,Rebuilt/Reconstructed Title,Ogden,UT,Dealer,Laramie,green,tan,Automatic,,6.0,Diesel,4.0,Very Good,Excellent,4-Wheel Drive,10,459.0,15.0,1,216.45980022924516,7.073849680694287,0.032679738562091505
167,1584386952,1584570170,https://cars.ksl.com/listing/5129755,2495,1998,Infiniti,QX4,Wagon,255689,Clean Title,Salt Lake City,UT,Dealer,,pearl white,tan,Automatic,,6.0,Gasoline,,,,4-Wheel Drive,19,937.0,24.0,1,441.8605158881769,11.317665294894603,0.025613660618996798
168,1584386928,1584570170,https://cars.ksl.com/listing/6300090,5500,2003,Chevrolet,Tahoe,Sport Utility,130556,Clean Title,Heber City,UT,Owner,Z71,white,tan,Automatic,,8.0,Flex Fuel,4.0,Good,Good,4-Wheel Drive,19,143.0,8.0,1,67.42559020311936,3.7720609903843005,0.055944055944055944
169,1584386896,1584570172,https://cars.ksl.com/listing/6312688,9800,1996,Dodge,Ram 2500,Truck,275000,Clean Title,Rupert,ID,Owner,SLT,red,gray,Automatic,,6.0,Diesel,2.0,Very Good,Good,4-Wheel Drive,11,118.0,4.0,1,55.62757807896287,1.8856806128461991,0.03389830508474576
170,1584386896,1584570173,https://cars.ksl.com/listing/4974675,18995,2011,GMC,1500,Truck,124226,Clean Title,Idaho Falls,ID,Dealer,SLE,silver,black,Automatic,,8.0,Flex Fuel,,,,4-Wheel Drive,17,,,0,,,
171,1584386868,1584570174,https://cars.ksl.com/listing/6312686,44900,2017,Chevrolet,Silverado 2500HD,Truck,84279,Clean Title,Bountiful,UT,Dealer,LTZ,silver,black,Automatic,,8.0,Diesel,4.0,Excellent,Excellent,4-Wheel Drive,13,60.0,5.0,1,28.280580013747503,2.3567150011456253,0.08333333333333333
172,1584386853,1584570175,https://cars.ksl.com/listing/6312685,6995,2010,Nissan,Armada,Sport Utility,141271,Clean Title,North Logan,UT,Dealer,SE,,,Automatic,,8.0,Gasoline,4.0,,,RWD,5,31.0,1.0,1,14.610357731205202,0.47130186229694204,0.03225806451612903
173,1584386840,1584570176,https://cars.ksl.com/listing/5012234,67987,2019,Mercedes-Benz,GLS-Class,Sport Utility,10231,,Farmington,UT,Dealer,GLS 450,polar white,black,Automatic,,6.0,Gasoline,4.0,,,AWD,48,828.0,5.0,1,390.20814242701925,2.3563293624820005,0.006038647342995169
174,1584386818,1584570176,https://cars.ksl.com/listing/6312684,2000,2016,Kia,Rio,Compact,95000,Clean Title,Park City,UT,Owner,LX,white,black,Automatic,,4.0,Gasoline,4.0,Poor,Very Good,2-Wheel Drive,8,644.0,7.0,1,303.4588073604642,3.2984652973963504,0.010869565217391304
175,1584386754,1584570177,https://cars.ksl.com/listing/6274959,1998,2001,Honda,Civic,Sedan,253899,Clean Title,Ogden,UT,Dealer,LX,tan,tan,Manual,,4.0,Gasoline,4.0,Very Good,Excellent,FWD,19,165.0,5.0,1,77.72198688277916,2.35521172372058,0.030303030303030304
176,1584386729,1584570179,https://cars.ksl.com/listing/5401897,31394 | MSRP 37550,2019,Chevrolet,Malibu,Sedan,61,Clean Title,St. George,UT,Dealer,Premier,iridescent pearl tricoat,jet black,Automatic,,4.0,Gasoline,4.0,,,,26,212.0,3.0,1,99.84627964022896,1.4129190515126735,0.014150943396226415
177,1584386719,1584570180,https://cars.ksl.com/listing/6312677,8900,1999,Toyota,Tacoma,Truck,82000,Salvage Title,Bountiful,UT,Owner,SR5,black,gray,Manual,,6.0,Gasoline,2.0,Fair,Very Good,4-Wheel Drive,10,284.0,5.0,1,133.7483170810145,2.354723892271382,0.017605633802816902
178,1584386688,1584570180,https://cars.ksl.com/listing/6121041,2950,1996,Geo,Tracker,SUV,135777,Clean Title,Pocatello,ID,Dealer,,,,Manual,,4.0,Gasoline,,,,4-Wheel Drive,18,1612.0,27.0,1,759.0347263095938,12.713360800470866,0.016749379652605458
179,1584386673,1584570181,https://cars.ksl.com/listing/6132556,28991,2014,Ford,F-150,Truck,31312,,Twin Falls,ID,Dealer,FX4,black,black,Automatic,,8.0,Flex Fuel,4.0,,,4-Wheel Drive,35,314.0,4.0,1,147.83878631994244,1.8832966410183754,0.012738853503184714
180,1584386672,1584570182,https://cars.ksl.com/listing/6312673,4950,2005,Subaru,Outback,Wagon,119725,Clean Title,Salt Lake City,UT,Owner,Limited LL Bean,silver,beige,Automatic,,6.0,Gasoline,5.0,Very Good,Very Good,AWD,18,,,0,,,
181,1584386601,1584570183,https://cars.ksl.com/listing/6236124,15988,2017,Chevrolet,Volt,Sedan,36255,Clean Title,Bountiful,UT,Dealer,LT,silver,black,Automatic,,4.0,Hybrid,5.0,Excellent,Excellent,FWD,26,76.0,3.0,1,35.768212569859784,1.4119031277576235,0.039473684210526314
182,1584386590,1584570184,https://cars.ksl.com/listing/6275579,14995,2015,Chevrolet,Camaro,Coupe,73243,Clean Title,Murray,UT,Dealer,RS,white,gray,Automatic,,6.0,Gasoline,2.0,Excellent,Excellent,RWD,21,287.0,6.0,1,135.06323736069808,2.823621686983235,0.020905923344947737
183,1584386572,1584570186,https://cars.ksl.com/listing/6229826,74305,1995,Land Rover,Defender,Convertible,66789,Clean Title,Sandy,UT,Dealer,,yellow,black,Manual,,8.0,Gasoline,2.0,Excellent,Excellent,4-Wheel Drive,27,201.0,7.0,1,94.58102323352247,3.2938664807694398,0.03482587064676617
184,1584386540,1584570186,https://cars.ksl.com/listing/5753736,17350,2016,Mazda,CX-3,Sport Utility,23950,Clean Title,Roy,UT,Dealer,Grand Touring,blue,black,Automatic,,4.0,Gasoline,4.0,Excellent,Excellent,AWD,32,547.0,24.0,1,257.34728771658524,11.29128867495072,0.043875685557586835
185,1584386505,1584570187,https://cars.ksl.com/listing/6312670,1800,1997,Chevrolet,Cargo Van,Van,148249,Clean Title,Clearfield,UT,Owner,,black,gray,Automatic,5.7,8.0,Gasoline,4.0,Good,Very Good,2-Wheel Drive,11,115.0,9.0,1,54.093487658017665,4.233403381931817,0.0782608695652174
186,1584386503,1584570189,https://cars.ksl.com/listing/6233330,25988,2020,Toyota,Sienna,Minivan,15296,Clean Title,Bountiful,UT,Dealer,LE,gray,gray,Automatic,,6.0,Gasoline,5.0,Excellent,Excellent,FWD,27,76.0,3.0,1,35.74796119464739,1.4111037313676602,0.039473684210526314
187,1584386482,1584570190,https://cars.ksl.com/listing/6312669,6995,2011,Honda,Civic,Sedan,113000,Clean Title,Provo,UT,Dealer,EX,black,,Automatic,,4.0,Gasoline,4.0,Excellent,Excellent,FWD,22,63.0,3.0,1,29.629629629629626,1.4109347442680775,0.047619047619047616
188,1584386463,1584570192,https://cars.ksl.com/listing/5923015,10290,2018,Nissan,Sentra,Sedan,33802,Clean Title,Roy,UT,Dealer,S,silver,black,CVT,,4.0,Gasoline,4.0,Excellent,Excellent,FWD,21,233.0,7.0,1,109.57007331450126,3.291804777688879,0.030042918454935622
189,1584386349,1584570193,https://cars.ksl.com/listing/6312659,54000,2018,Jeep,Wrangler,SUV,13000,Clean Title,Idaho Falls,ID,Dealer,Rubicon,red,black,Automatic,3.6,6.0,Gasoline,4.0,Excellent,Excellent,4-Wheel Drive,4,63.0,2.0,1,29.607710885315807,0.9399273296925654,0.031746031746031744
190,1584386341,1584570194,https://cars.ksl.com/listing/6132549,24553,2016,Ford,F-150,Truck,79525,,Twin Falls,ID,Dealer,XLT,white,medium earth gray,Automatic,,8.0,Flex Fuel,4.0,,,4-Wheel Drive,21,144.0,0.0,1,67.67145491234845,0.0,0.0
191,1584386341,1584570194,https://cars.ksl.com/listing/6166983,11980,2018,Volkswagen,Jetta,Sedan,27410,Clean Title,Roy,UT,Dealer,1.4T S,red,gray,Automatic,,4.0,Gasoline,4.0,Excellent,Excellent,FWD,18,186.0,6.0,1,87.40896259511675,2.819643954681185,0.03225806451612903
